{"svname":"어유","svmajor":5.0,"svalchol":10.0,"svhealth":40.0,"svstress":-3.0,"svpopular":6.0,"svgroupname":"","savescene":"Group","PlayerX":-6.305142402648926,"PlayerY":35.314598083496097,"MudangX":-6.1178202629089359,"MudangY":27.214635848999025,"Endtalk":true}